title,source_country,date,url,clean_text,headline_length_words,month
BMden dikkat çeken rapor ! Etnik temizlik ... ,Turkey,2026-04-14 06:45:00,https://www.bursahakimiyet.com.tr/dunya/bm-den-dikkat-ceken-rapor-etnik-temizlik-1609058,bmden dikkat çeken rapor etnik temizlik,6,2026-04
Filistin Direniş Ekonomisi yayımlandı : Toprakla kurulan direnişin hikâyesi,Turkey,2026-02-06 23:00:00,https://bianet.org/yazi/filistin-direnis-ekonomisi-yayimlandi-toprakla-kurulan-direnisin-hikayesi-316368,filistin direniş ekonomisi yayımlandı toprakla kurulan direnişin hikâyesi,8,2026-02
Filistini Destekleyen Parlamentolar Grubu İkinci Toplantısı İstanbulda düzenlendi,Turkey,2026-04-15 22:30:00,https://www.haksozhaber.net/filistini-destekleyen-parlamentolar-grubu-ikinci-toplantisi-istanbulda-duzenlendi-203140h.htm,filistini destekleyen parlamentolar grubu i kinci toplantısı i stanbulda düzenlendi,10,2026-04
Filistin Esirler Cemiyeti : İsrail hapishanelerindeki Filistinli kadın sayısı 90  a ulaştı,Turkey,2026-04-22 14:15:00,https://www.aa.com.tr/tr/dunya/filistin-esirler-cemiyeti-israil-hapishanelerindeki-filistinli-kadin-sayisi-90a-ulasti/3914763,filistin esirler cemiyeti i srail hapishanelerindeki filistinli kadın sayısı 90 a ulaştı,12,2026-04
14 ülkeden ABDnin İsrail Büyükelçisinin açıklamalarına kınama,Turkey,2026-02-22 11:45:00,https://www.bursahakimiyet.com.tr/dunya/14-ulkeden-abd-nin-israil-buyukelcisi-nin-aciklamalarina-kinama-1580900,14 ülkeden abdnin i srail büyükelçisinin açıklamalarına kınama,8,2026-02
"Filistin topraklarını gasbeden İsrailliler , Batı Şeriada Filistinlilerin evlerine saldırdı , hayvanlarını çaldı",Turkey,2026-03-09 10:45:00,http://www.haberler.com/guncel/israil-in-bati-seria-daki-saldirilari-devam-ediyor-19639862-haberi/,filistin topraklarını gasbeden i srailliler batı şeriada filistinlilerin evlerine saldırdı hayvanlarını çaldı,12,2026-03
"Türkiyeye öğrenime gelen Filistinli öğrenciler , ülkelerindeki ramazan atmosferini anlattı",Turkey,2026-03-03 09:15:00,https://www.aa.com.tr/tr/gundem/turkiyeye-ogrenime-gelen-filistinli-ogrenciler-ulkelerindeki-ramazan-atmosferini-anlatti/3847718,türkiyeye öğrenime gelen filistinli öğrenciler ülkelerindeki ramazan atmosferini anlattı,9,2026-03
"Türkiye , Arap Birliği , İİT ve 18 ülke , İsrailin Batı Şeriaya ilişkin kararlarını en glü şekilde kınadı",Turkey,2026-02-23 23:00:00,https://www.konhaber.com/guncel/turkiye_arap_birligi_iit_ve_18_ulke_israil_in_bati_seria_ya_iliskin_kararlarini_en_guclu_sekilde_kinadi-1992316h,türkiye arap birliği i i t ve 18 ülke i srailin batı şeriaya ilişkin kararlarını en glü şekilde kınadı,19,2026-02
İsrail ordusu Batı Şeriada 6 Filistinliyi yaraladı,Turkey,2026-04-26 09:30:00,https://www.bursahakimiyet.com.tr/gundem/israil-ordusu-bati-seria-da-6-filistinliyi-yaraladi-1615682,i srail ordusu batı şeriada 6 filistinliyi yaraladı,8,2026-04
"Filistinli uzmanlara göre , İsrail , anlaşmaları hiçe sayarak Batı Şeriada yeni bir statükoyu dayatıyor",Turkey,2026-02-09 11:15:00,http://www.haberler.com/guncel/filistinli-uzmanlara-gore-israil-anlasmalari-hice-19551572-haberi/,filistinli uzmanlara göre i srail anlaşmaları hiçe sayarak batı şeriada yeni bir statükoyu dayatıyor,14,2026-02
Çocuk katili İsraili temsilen 2026 kış olimpiyatlarındalar … ,Turkey,2026-02-07 23:15:00,https://www.yeniakit.com.tr/yazarlar/ahmet-gulumseyen/cocuk-katili-israili-temsilen-2026-kis-olimpiyatlarindalar-51627.html,çocuk katili i sraili temsilen 2026 kış olimpiyatlarındalar,8,2026-02
"İsrail ordusu , işgal altındaki Batı Şeriada 2 Filistinliyi öldürdü",Turkey,2026-03-12 21:45:00,https://www.milliyet.com.tr/dunya/israil-ordusu-isgal-altindaki-bati-seriada-2-filistinliyi-oldurdu-7553563,i srail ordusu işgal altındaki batı şeriada 2 filistinliyi öldürdü,10,2026-03
İsrailin Batı Şeriadaki saldırıları 11 Filistinli aileyi yerinden etti,Turkey,2026-02-21 15:30:00,https://www.bursahakimiyet.com.tr/dunya/israil-in-bati-seria-daki-saldirilari-11-filistinli-aileyi-yerinden-etti-1580651,i srailin batı şeriadaki saldırıları 11 filistinli aileyi yerinden etti,10,2026-02
Numan Kurtulmuş : Bizim milletimiz asla Filistin davasına sırt çevirmeyecek,Turkey,2026-04-11 13:45:00,https://www.dha.com.tr/politika/numan-kurtulmus-bizim-milletimiz-asla-filistin-davasina-sirt-cevirmeyecek-2853375,numan kurtulmuş bizim milletimiz asla filistin davasına sırt çevirmeyecek,9,2026-04
"EuroPalestine Derneği Başkanı Zemor , Filistini savunduğu için  skandal bir ceza  aldığını söyledi Açıklaması",Turkey,2026-04-07 09:15:00,https://www.haberler.com/guncel/europalestine-dernegi-baskani-zemor-filistin-i-19724257-haberi/,europalestine derneği başkanı zemor filistini savunduğu için skandal bir ceza aldığını söyledi açıklaması,13,2026-04
"Almanya , İngiltere ve İsveç  te on binler Filistine destek verdi",Turkey,2026-02-01 12:45:00,https://www.risalehaber.com/almanya-ingiltere-ve-isvecte-on-binler-filistine-destek-verdi-450492h.htm,almanya i ngiltere ve i sveç te on binler filistine destek verdi,12,2026-02
Türkiye ve Bölge Ülkeleri Ayağa Kalktı ! ABDden  Büyük israil  Çıkışı - ,Turkey,2026-02-23 01:00:00,https://dogruhaber.com.tr/turkiye-ve-bolge-ulkeleri-ayaga-kalkti-abdden-buyuk-israil-cikisi,türkiye ve bölge ülkeleri ayağa kalktı abdden büyük israil çıkışı,10,2026-02
BM : Gazzede 2 günde tüm insani yardım hareketler engellendi,Turkey,2026-03-13 22:30:00,https://www.haksozhaber.net/bm-gazzede-2-gunde-tum-insani-yardim-hareketler-engellendi-201327h.htm,bm gazzede 2 günde tüm insani yardım hareketler engellendi,9,2026-03
BM : İsrailin Gazzedeki yerleşim bölgelerine saldırıları ve top atışları devam ediyor,Turkey,2026-04-16 21:45:00,https://www.bursahakimiyet.com.tr/dunya/bm-israil-in-gazze-deki-yerlesim-bolgelerine-saldirilari-ve-top-atislari-devam-ediyor-1610418,bm i srailin gazzedeki yerleşim bölgelerine saldırıları ve top atışları devam ediyor,12,2026-04
İsrailin ateşkesi ihlal ederek Gazzeye düzenlediği saldırılarda 12 Filistinli hayatını kaybetti,Turkey,2026-02-15 14:30:00,https://www.aa.com.tr/tr/dunya/israilin-ateskesi-ihlal-ederek-gazze-ye-duzenledigi-saldirilarda-12-filistinli-hayatini-kaybetti/3830385,i srailin ateşkesi ihlal ederek gazzeye düzenlediği saldırılarda 12 filistinli hayatını kaybetti,12,2026-02
404 eski Avrupalı büyükelçi ve üst düzey yetkiliden Filistin çağrısı : Acil harekete geçin,Turkey,2026-02-03 00:15:00,https://www.yeniasya.com.tr/dunya/404-eski-avrupali-buyukelci-ve-ust-duzey-yetkiliden-filistin-cagrisi-acil-harekete-gecin_619024,404 eski avrupalı büyükelçi ve üst düzey yetkiliden filistin çağrısı acil harekete geçin,13,2026-02
BM : Batı Şerianın fiili olarak kademeli şekilde ilhakına tanık oluyoruz,Turkey,2026-02-19 07:00:00,https://www.haberler.com/dunya/bm-den-bati-seria-ve-gazze-aciklamasi-19581719-haberi/,bm batı şerianın fiili olarak kademeli şekilde ilhakına tanık oluyoruz,10,2026-02
İsrailden Filistinli esire psikolojik işkence ! Serbest kalacağı gün idari tutukluluk dediler,Turkey,2026-04-09 17:00:00,https://www.milliyet.com.tr/dunya/israilden-filistinli-esire-psikolojik-iskence-serbest-kalacagi-gun-idari-tutukluluk-dediler-7568772,i srailden filistinli esire psikolojik işkence serbest kalacağı gün idari tutukluluk dediler,12,2026-04
İsrailin Batı Şeriada açtığı ateş sonucu yaralanan Filistinli yaşamını yitirdi,Turkey,2026-03-01 09:15:00,https://www.haberler.com/guncel/israil-baskininda-bir-filistinli-hayatini-kaybetti-19613030-haberi/,i srailin batı şeriada açtığı ateş sonucu yaralanan filistinli yaşamını yitirdi,11,2026-03
Filistinde yıllar sonra yapılan seçimlerde  Abbas  üstünlüğü,Turkey,2026-04-26 16:15:00,https://haber.mynet.com/filistin-de-yillar-sonra-yapilan-secimlerde-abbas-ustunlugu-110107290860,filistinde yıllar sonra yapılan seçimlerde abbas üstünlüğü,7,2026-04
"İsrail ordusu , Batı Şeriada düzenlediği baskınlarda 26 Filistinliyi gözaltına aldı",Turkey,2026-03-15 10:30:00,http://www.haberler.com/guncel/israil-ordusu-bati-seria-da-26-filistinliyi-gozaltina-aldi-19659768-haberi/,i srail ordusu batı şeriada düzenlediği baskınlarda 26 filistinliyi gözaltına aldı,11,2026-03
"DESTİCİ : TÜRKİYE SESSİZ KALMADI , DİĞERLERİ DE KALMASIN",Turkey,2026-02-16 15:15:00,http://www.haberler.com/politika/destici-turkiye-sessiz-kalmadi-diger-ulkeler-de-kalmasin-19573280-haberi/,desti ci türki ye sessi z kalmadi di ğerleri de kalmasin,11,2026-02
Filistinde 2026 yerel seçimleri için oy verme işlemi başladı,Turkey,2026-04-25 07:45:00,https://www.haberler.com/guncel/filistin-de-2026-yerel-secimleri-icin-oy-verme-19780228-haberi/,filistinde 2026 yerel seçimleri için oy verme işlemi başladı,9,2026-04
HRW : Bunun adı soykırım - Naaşlar param parça,Turkey,2026-02-06 10:00:00,https://www.yeniasya.com.tr/dunya/hrw-bunun-adi-soykirim-naaslar-param-parca_619142,hrw bunun adı soykırım naaşlar param parça,7,2026-02
Gazzede kadınlar İsrailin  idam yasasını  protesto etti,Turkey,2026-04-06 18:15:00,https://www.haberler.com/guncel/gazze-de-filistinli-kadinlardan-idam-yasasina-protesto-19723048-haberi/,gazzede kadınlar i srailin idam yasasını protesto etti,8,2026-04
İsrailliler Batı Şeriada bir Filistinliyi öldürdü,Turkey,2026-04-09 05:15:00,https://www.yeniakit.com.tr/haber/israilliler-bati-seriada-bir-filistinliyi-oldurdu-1994339.html,i srailliler batı şeriada bir filistinliyi öldürdü,7,2026-04
Son dakika ... Cumhurbaşkanı Erdoğandan önemli açıklamalar,Turkey,2026-03-09 20:15:00,https://www.ozgurkocaeli.com.tr/haber/27601726/son-dakika-cumhurbaskani-erdogandan-onemli-aciklamalar,son dakika cumhurbaşkanı erdoğandan önemli açıklamalar,6,2026-03
"İsrail ordusu , Batı Şeriadaki baskınlarda 50  den fazla Filistinliyi gözaltına aldı",Turkey,2026-04-20 09:45:00,https://www.haberler.com/guncel/israil-ordusu-bati-seria-daki-baskinlarda-50-den-19766271-haberi/,i srail ordusu batı şeriadaki baskınlarda 50 den fazla filistinliyi gözaltına aldı,12,2026-04
"Filistin topraklarını gasbeden İsrailliler , işgal altındaki Batı Şeriada bir ağılı kundakladı",Turkey,2026-02-17 12:30:00,https://www.haberler.com/guncel/israilliler-bati-seria-da-koyun-agilini-atese-verdi-19576027-haberi/,filistin topraklarını gasbeden i srailliler işgal altındaki batı şeriada bir ağılı kundakladı,12,2026-02
Israel okays 126 more illegal settlement units in West Bank Jenin,Turkey,2026-04-29 16:45:00,https://www.dailysabah.com/world/mid-east/israel-okays-126-more-illegal-settlement-units-in-west-banks-jenin,israel okays 126 more illegal settlement units in west bank jenin,11,2026-04
BBP Liderinden İsraile Sert Tepki,Turkey,2026-02-16 15:00:00,http://www.haberler.com/politika/mustafa-destici-israil-bati-seria-ya-goz-dikti-19573186-haberi/,bbp liderinden i sraile sert tepki,6,2026-02
"İsrail , soykırımı eleştiren dünyaca ünlü isimler için liste hazırladı ! Komedyenler , sosyal medya fenomenleri , aktivistler ... ",Turkey,2026-04-15 08:00:00,https://www.milliyet.com.tr/dunya/son-dakika-israil-soykirimi-elestiren-dunyaca-unlu-isimler-icin-liste-hazirladi-komedyenler-sosyal-medya-fenomenleri-aktivistler-7571644,i srail soykırımı eleştiren dünyaca ünlü isimler için liste hazırladı komedyenler sosyal medya fenomenleri aktivistler,15,2026-04
"İsrail ordusu , işgal altındaki Batı Şeriada Filistinli bir genci öldürerek cenazesini alıkoydu",Turkey,2026-04-18 07:30:00,https://www.haberler.com/guncel/israil-ordusu-bati-seria-da-filistinli-genc-cenazesine-el-koydu-19760563-haberi/,i srail ordusu işgal altındaki batı şeriada filistinli bir genci öldürerek cenazesini alıkoydu,13,2026-04
"İsrail ordusu , Batı Şeriada düzenlediği baskınlarda biri çocuk 14 Filistinliyi gözaltına aldı",Turkey,2026-02-20 09:15:00,https://www.haberler.com/guncel/israil-askerlerinden-bati-seria-ya-baskin-14-filistinli-gozaltinda-19585665-haberi/,i srail ordusu batı şeriada düzenlediği baskınlarda biri çocuk 14 filistinliyi gözaltına aldı,13,2026-02
Başakşehir Özgürderde  Geçmişten günümüze direnişin toprağı Gazze  kitabı değerlendirildi,Turkey,2026-02-14 16:00:00,https://www.haksozhaber.net/basaksehir-ozgurderde-gecmisten-gunumuze-direnisin-topragi-gazze-kitabi-degerlendiri-200202h.htm,başakşehir özgürderde geçmişten günümüze direnişin toprağı gazze kitabı değerlendirildi,9,2026-02
"Batı Şeriada öğrenciler , işgalci İsraillilerin kapattığı yol nedeniyle derslerini sokakta yaptı",Turkey,2026-04-14 08:00:00,https://www.trthaber.com/haber/dunya/bati-seriada-ogrenciler-isgalci-israillilerin-kapattigi-yol-nedeniyle-derslerini-sokakta-yapti-941567.html,batı şeriada öğrenciler işgalci i sraillilerin kapattığı yol nedeniyle derslerini sokakta yaptı,12,2026-04
Batı Şeriada Yahudi çetelerin şiddeti rekor seviyeye yükseldi,Turkey,2026-02-06 11:00:00,https://www.haksozhaber.net/bati-seriada-yahudi-cetelerin-siddeti-rekor-seviyeye-yukseldi-199858h.htm,batı şeriada yahudi çetelerin şiddeti rekor seviyeye yükseldi,8,2026-02
"İşgalci İsrail ordusu , Batı Şeriadaki baskınlarda 50  den fazla Filistinliyi gözaltına aldı",Turkey,2026-04-20 09:45:00,https://www.bursahakimiyet.com.tr/dunya/isgalci-israil-ordusu-bati-seria-daki-baskinlarda-50-den-fazla-filistinliyi-gozaltina-aldi-1611860,i şgalci i srail ordusu batı şeriadaki baskınlarda 50 den fazla filistinliyi gözaltına aldı,14,2026-04
UNRWA : Batı Şeriada İsrail şiddeti rekor seviyelere ulaştı,Turkey,2026-02-01 14:30:00,https://www.internethaber.com/unrwa-bati-seriada-israil-siddeti-rekor-seviyelere-ulasti-2429396h.htm,unrwa batı şeriada i srail şiddeti rekor seviyelere ulaştı,9,2026-02
14 ülkeden ABDnin İsrail Büyükelçisinin açıklamalarına kınama,Turkey,2026-02-22 12:45:00,https://www.trthaber.com/haber/gundem/14-ulkeden-abdnin-israil-buyukelcisinin-aciklamalarina-kinama-935171.html,14 ülkeden abdnin i srail büyükelçisinin açıklamalarına kınama,8,2026-02
BBP Liderinden İsraile Sert Tepki,Turkey,2026-02-16 22:15:00,https://www.haberler.com/politika/mustafa-destici-israil-bati-seria-ya-goz-dikti-19573186-haberi/,bbp liderinden i sraile sert tepki,6,2026-02
"İsrail ordusu , işgal altındaki Batı Şeriadaki baskınlarda 27 Filistinliyi gözaltına aldı",Turkey,2026-02-12 09:30:00,https://www.internethaber.com/israil-ordusu-isgal-altindaki-bati-seriadaki-baskinlarda-27-filistinliyi-gozaltina-aldi-2430912h.htm,i srail ordusu işgal altındaki batı şeriadaki baskınlarda 27 filistinliyi gözaltına aldı,12,2026-02
"İsrail , Batı Şeriada neden sorun çıkarmaya çalışıyor ? ",Turkey,2026-03-12 18:15:00,https://www.haksozhaber.net/israil-bati-seriada-neden-sorun-cikarmaya-calisiyor-201271h.htm,i srail batı şeriada neden sorun çıkarmaya çalışıyor,8,2026-03
İsrailli Bakan Smotrichten Gazze için işgal ve yerleşim çağrısı,Turkey,2026-04-20 02:45:00,https://www.ensonhaber.com/dunya/israilli-bakan-smotrichten-gazze-icin-isgal-ve-yerlesim-cagrisi,i srailli bakan smotrichten gazze için işgal ve yerleşim çağrısı,10,2026-04
Küresel Sumud Filosu gücünü artırarak Barselonadan Gazzeye doğru yola çıktı,Turkey,2026-04-12 14:45:00,https://www.haberturk.com/kuresel-sumud-filosu-gucunu-artirarak-barselona-dan-gazze-ye-dogru-yola-cikti-3876771,küresel sumud filosu gücünü artırarak barselonadan gazzeye doğru yola çıktı,10,2026-04
General strike shuts down West Bank over Israeli death penalty law,Turkey,2026-04-01 12:15:00,https://www.aa.com.tr/en/middle-east/general-strike-shuts-down-west-bank-over-israeli-death-penalty-law/3887852,general strike shuts down west bank over israeli death penalty law,11,2026-04
"Filistin , ateşkesin uygulanması için İsraile uluslararası baskı yapılması çağrısında bulundu",Turkey,2026-02-16 22:00:00,http://www.haberler.com/guncel/filistin-basbakani-gazze-de-ateskes-icin-uluslararasi-destek-cagrisinda-bulundu-19574276-haberi/,filistin ateşkesin uygulanması için i sraile uluslararası baskı yapılması çağrısında bulundu,11,2026-02
ANFİDAPtan Gazze Tutum Belgesi ! - ,Turkey,2026-03-04 15:15:00,https://dogruhaber.com.tr/anfidaptan-gazze-tutum-belgesi-garantorluk-ve-adalet-olmadan-kalici-baris-mumkun-degil,anfi daptan gazze tutum belgesi,5,2026-03
Hakan Fidan : Dünya İsrailin sabotajlarına ses çıkarmalı,Turkey,2026-04-09 15:30:00,https://www.haber7.com/dunya/haber/3618758-hakan-fidan-dunya-israilin-sabotajlarina-ses-cikarmali,hakan fidan dünya i srailin sabotajlarına ses çıkarmalı,8,2026-04
14 ülkeden ABDnin İsrail Büyükelçisinin açıklamalarına kınama,Turkey,2026-02-22 17:45:00,https://www.haksozhaber.net/14-ulkeden-abdnin-israil-buyukelcisinin-aciklamalarina-kinama-200490h.htm,14 ülkeden abdnin i srail büyükelçisinin açıklamalarına kınama,8,2026-02
"Toprağı halktan ayırmak , İsrailin sömürgeci genişlemesini desteklemektedir",Turkey,2026-04-04 12:15:00,https://www.haksozhaber.net/topragi-halktan-ayirmak-israilin-somurgeci-genislemesini-desteklemektedir-202414h.htm,toprağı halktan ayırmak i srailin sömürgeci genişlemesini desteklemektedir,8,2026-04
"Filistin Devlet Başkanı Abbas , Osloda Norveç Başbakanı Store ile görüştü",Turkey,2026-02-11 14:30:00,http://www.haberler.com/guncel/filistin-devlet-baskani-abbas-norvec-basbakani-ile-gorustu-19558388-haberi/,filistin devlet başkanı abbas osloda norveç başbakanı store ile görüştü,10,2026-02
"Filistin Başbakanı Mustafa , ateşkese rağmen Gazzeye çok az insani yardım sağlandığına dikkati çekti",Turkey,2026-04-20 16:45:00,https://www.aa.com.tr/tr/dunya/filistin-basbakani-mustafa-ateskese-ragmen-gazzeye-cok-az-insani-yardim-saglandigina-dikkati-cekti/3912452,filistin başbakanı mustafa ateşkese rağmen gazzeye çok az insani yardım sağlandığına dikkati çekti,13,2026-04
İsrail askerlerinin işgal altındaki Batı Şeriada düzenlediği baskınlarda 4 Filistinli yaralandı,Turkey,2026-02-13 11:30:00,https://www.haberler.com/guncel/israil-ordusu-bati-seria-da-baskinlar-duzenledi-4-filistinli-yaralandi-19563750-haberi/,i srail askerlerinin işgal altındaki batı şeriada düzenlediği baskınlarda 4 filistinli yaralandı,12,2026-02
İsveç  te İsrailin saldırılarına protesto,Turkey,2026-04-18 17:45:00,https://haber.mynet.com/isvec-te-israil-in-saldirilarina-protesto-110107289508,i sveç te i srailin saldırılarına protesto,7,2026-04
"Filistin topraklarını gasbeden İsrailliler , Batı Şeriada bir Filistinliyi darp ederek yaraladı",Turkey,2026-03-13 20:45:00,https://www.haberler.com/guncel/israilli-yerlesimcilerden-filistinli-gence-saldiri-19655873-haberi/,filistin topraklarını gasbeden i srailliler batı şeriada bir filistinliyi darp ederek yaraladı,12,2026-03
"Filistinin BM Daimi Temsilcisi Mansur :  Gazze , Filistin yönetimi altında birleştirilmelidir  ",Turkey,2026-02-03 17:45:00,https://www.haberler.com/guncel/bm-temsilcisi-mansur-gazze-nin-filistin-yonetimi-altinda-birlestirilmesi-gerekiyor-19534362-haberi/,filistinin bm daimi temsilcisi mansur gazze filistin yönetimi altında birleştirilmelidir,10,2026-02
İsrailden kalleş saldırı ! Şehit düştü,Turkey,2026-02-16 19:00:00,https://www.yeniakit.com.tr/haber/israilden-kalles-saldiri-sehit-dustu-1983540.html,i srailden kalleş saldırı şehit düştü,6,2026-02
Avrupadan ortak çağrı : AB - İsrail anlaşmaları askıya alınsın ! ,Turkey,2026-04-15 08:15:00,https://www.haber7.com/dunya/haber/3620178-avrupadan-ortak-cagri-ab-israil-anlasmalari-askiya-alinsin,avrupadan ortak çağrı ab i srail anlaşmaları askıya alınsın,9,2026-04
Fransadan Küresel Sumud Filosu misyonuna katılacak tekneler Marsilyadan yola çıktı,Turkey,2026-04-04 20:45:00,https://www.aa.com.tr/tr/dunya/fransadan-kuresel-sumud-filosu-misyonuna-katilacak-tekneler-marsilyadan-yola-cikti/3891999,fransadan küresel sumud filosu misyonuna katılacak tekneler marsilyadan yola çıktı,10,2026-04
El - Bergusi işgal rejiminin planlarına karşı ulusal mücadele programı belirlenmesini istedi,Turkey,2026-02-15 15:15:00,https://www.haksozhaber.net/el-bergusi-isgal-rejiminin-planlarina-karsi-ulusal-mucadele-programi-belirlenmesini--200227h.htm,el bergusi işgal rejiminin planlarına karşı ulusal mücadele programı belirlenmesini istedi,11,2026-02
Eski Mossad Direktörü Tamir Pardo : Yahudi olmaktan utanıyorum,Turkey,2026-04-28 09:45:00,https://www.ensonhaber.com/dunya/eski-mossad-direktoru-tamir-pardo-yahudi-olmaktan-utaniyorum,eski mossad direktörü tamir pardo yahudi olmaktan utanıyorum,8,2026-04
Israel closes Rafah crossing and all other checkpoints in the West Bank and Gaza Strip,Israel,2026-03-01 15:00:00,https://www.middleeasteye.net/news/israel-closes-rafah-crossing-checkpoint-west-bank-gaza-strip,israel closes rafah crossing and all other checkpoints in the west bank and gaza strip,15,2026-03
نظام صحي متهالك : ارقام صادمة بشأن القطاع الصحي الفلسطيني – تلفزيون الفجر,Israel,2026-04-07 09:15:00,https://alfajertv.com/news/palnews/725325.html,نظام صحي متهالك ارقام صادمة بشأن القطاع الصحي الفلسطيني تلفزيون الفجر,11,2026-04
الإحصاء : ارتفاع أسعار المستهلك في فلسطين بنسبة 1 . 11 % ,Israel,2026-02-12 10:45:00,https://www.raya.ps/news/1211631.html,الإحصاء ارتفاع أسعار المستهلك في فلسطين بنسبة 1 11,9,2026-02
  فرانس برس : حماس تنتخب رئيس مكتبها السياسي والمنافسة تنحصر بين مشعل والحية,Israel,2026-02-23 06:45:00,http://zamnpress.com/news/140494,فرانس برس حماس تنتخب رئيس مكتبها السياسي والمنافسة تنحصر بين مشعل والحية,12,2026-02
وقف التوسع الاستيطاني ودعم السلطة الفلسطينية,Israel,2026-03-10 12:00:00,https://www.raya.ps/articles/1213434.html,وقف التوسع الاستيطاني ودعم السلطة الفلسطينية,6,2026-03
"Jailed Palestinian leader Barghouti could head  democratic renewal , son says",Israel,2026-04-24 13:00:00,https://www.al-monitor.com/originals/2026/04/jailed-palestinian-leader-barghouti-could-head-democratic-renewal-son-says,jailed palestinian leader barghouti could head democratic renewal son says,10,2026-04
  أوتشا  تحذر : التصعيد الإقليمي ينعكس بشكل مباشر على الأوضاع الإنسانية في الضفة الغربية وغزة - شبكة فلسطين للأنباء,Israel,2026-03-03 09:45:00,https://www.shfanews.net/post/268148,أوتشا تحذر التصعيد الإقليمي ينعكس بشكل مباشر على الأوضاع الإنسانية في الضفة الغربية وغزة شبكة فلسطين للأنباء,17,2026-03
Fatah claims  sweeping victory  in 2026 Palestinian local elections,Israel,2026-04-26 10:45:00,http://www.jpost.com/middle-east/article-894145,fatah claims sweeping victory in 2026 palestinian local elections,9,2026-04
تقرير : الحرب الاقليمية بين اسرائيل وايران : تداعيات تتجاوز الحدود واثار سلبية على فلسطين ولبنان,Israel,2026-03-07 08:30:00,https://pnn.ps/news/720470,تقرير الحرب الاقليمية بين اسرائيل وايران تداعيات تتجاوز الحدود واثار سلبية على فلسطين ولبنان,14,2026-03
مركز الزيتونة يصدر ملخص تقريره الاستراتيجي الفلسطيني 2024 – 2025,Israel,2026-02-26 19:45:00,https://palinfo.com/news/2026/02/26/994248/,مركز الزيتونة يصدر ملخص تقريره الاستراتيجي الفلسطيني 2024 2025,9,2026-02
השעיית החייל : בלבול ערכי מסוכן,Israel,2026-03-08 22:15:00,https://www.inn.co.il/news/691732,השעיית החייל בלבול ערכי מסוכן,5,2026-03
موقع بكرا - ضغط اسرائيلي يدفع لسحب ترشح فلسطين لرئاسة الجمعية العامة,Israel,2026-02-26 12:30:00,https://bokra.net/Article-1589037,موقع بكرا ضغط اسرائيلي يدفع لسحب ترشح فلسطين لرئاسة الجمعية العامة,11,2026-02
הבעיה הפלסטינית תתפוצץ אחרי המלחמה עם איראן | דניאל פרידמן,Israel,2026-03-07 21:30:00,https://www.maariv.co.il/news/opinions/article-1292501,הבעיה הפלסטינית תתפוצץ אחרי המלחמה עם איראן דניאל פרידמן,9,2026-03
ما هو مصير حماس ؟ ,Israel,2026-02-10 00:15:00,https://www.addustour.com/articles/1547419-%D9%85%D8%A7-%D9%87%D9%88-%D9%85%D8%B5%D9%8A%D8%B1-%D8%AD%D9%85%D8%A7%D8%B3%D8%9F,ما هو مصير حماس,4,2026-02
عرابي : المجتمع الإسرائيلي في حالة تصدع وانهيار تحت القصف الإيراني والمقاومة اللبنانية,Israel,2026-04-01 19:00:00,https://www.raya.ps/news/1214943.html,عرابي المجتمع الإسرائيلي في حالة تصدع وانهيار تحت القصف الإيراني والمقاومة اللبنانية,12,2026-04
Israeli envoy to Italy calls magazine antisemitic over settler violence coverage,Israel,2026-04-14 08:15:00,https://www.middleeasteye.net/news/israeli-envoy-italy-calls-magazine-antisemitic-over-settler-violence-coverage,israeli envoy to italy calls magazine antisemitic over settler violence coverage,11,2026-04
التعاون الإسلامي يؤكد إسلامية الأقصى ويدين إجراءات الاحتلال لضمّ الضفة,Israel,2026-02-27 14:15:00,https://palinfo.com/news/2026/02/27/994309/,التعاون الإسلامي يؤكد إسلامية الأقصى ويدين إجراءات الاحتلال لضم الضفة,10,2026-02
نبض لا يتوقف وصمود في وجه التحديات,Israel,2026-04-11 23:00:00,https://www.addustour.com/articles/1559873-%D9%86%D8%A8%D8%B6-%D9%84%D8%A7-%D9%8A%D8%AA%D9%88%D9%82%D9%81-%D9%88%D8%B5%D9%85%D9%88%D8%AF-%D9%81%D9%8A-%D9%88%D8%AC%D9%87-%D8%A7%D9%84%D8%AA%D8%AD%D8%AF%D9%8A%D8%A7%D8%AA,نبض لا يتوقف وصمود في وجه التحديات,7,2026-04
بنك فلسطين وجمعية عطاء فلسطين يوزعان وجبات إفطار للأسر المتضررة في غزة ضمن حملة  رمضان يجمعنا بالحب والعطاء  – تلفزيون الفجر,Israel,2026-03-15 20:30:00,https://alfajertv.com/news/palnews/722810.html,بنك فلسطين وجمعية عطاء فلسطين يوزعان وجبات إفطار للأسر المتضررة في غزة ضمن حملة رمضان يجمعنا بالحب والعطاء تلفزيون الفجر,20,2026-03
Berlin Police Chief has links to evangelical Israel lobbyists – Middle East Monitor,Israel,2026-03-07 20:30:00,https://www.middleeastmonitor.com/20260307-berlins-police-chief-has-links-to-evangelical-israel-lobbyists/,berlin police chief has links to evangelical israel lobbyists middle east monitor,12,2026-03
موقع بكرا - زيادة عدد حالات السرطان الجديدة في الضفة الغربية,Israel,2026-02-05 10:00:00,https://bokra.net/Article-1587693,موقع بكرا زيادة عدد حالات السرطان الجديدة في الضفة الغربية,10,2026-02
ملف الضفة الغربية : كيف نتصرف أردنياً ؟ ,Israel,2026-02-16 21:45:00,https://www.addustour.com/articles/1549082-%D9%85%D9%84%D9%81-%D8%A7%D9%84%D8%B6%D9%81%D8%A9-%D8%A7%D9%84%D8%BA%D8%B1%D8%A8%D9%8A%D8%A9-%D9%83%D9%8A%D9%81-%D9%86%D8%AA%D8%B5%D8%B1%D9%81-%D8%A3%D8%B1%D8%AF%D9%86%D9%8A%D8%A7%D9%8B%D8%9F,ملف الضفة الغربية كيف نتصرف أردنيا,6,2026-02
Forty nations meet in The Hague to discuss measures against Israel West Bank annexation,Israel,2026-03-04 17:15:00,https://www.middleeasteye.net/news/forty-nations-convene-hague-discuss-measures-against-israels-annexation-west-bank,forty nations meet in the hague to discuss measures against israel west bank annexation,14,2026-03
موقع بكرا - الرئاسة الفلسطينية : تصريحات أوريت ستروك عن غزة  باطلة  وتخالف قرارات الأمم المتحدة,Israel,2026-02-04 00:45:00,https://bokra.net/Article-1587599,موقع بكرا الرئاسة الفلسطينية تصريحات أوريت ستروك عن غزة باطلة وتخالف قرارات الأمم المتحدة,14,2026-02
عباس يبحث مع ملك الأردن الأوضاع بالضفة وغزة,Israel,2026-04-28 14:30:00,https://safa.ps/post/407029/%D8%B9%D8%A8%D8%A7%D8%B3-%D9%8A%D8%A8%D8%AD%D8%AB-%D9%85%D8%B9-%D9%85%D9%84%D9%83-%D8%A7%D9%84%D8%A3%D8%B1%D8%AF%D9%86-%D8%A7%D9%84%D8%A3%D9%88%D8%B6%D8%A7%D8%B9-%D8%A8%D8%A7%D9%84%D8%B6%D9%81%D8%A9-%D9%88%D8%BA%D8%B2%D8%A9,عباس يبحث مع ملك الأردن الأوضاع بالضفة وغزة,8,2026-04
بنك الأردن يدعم جمعية عطاء فلسطين لتوزيع طرود غذائية على عائلات نازحة في قطاع غزة – تلفزيون الفجر,Israel,2026-03-15 10:45:00,https://alfajertv.com/news/palnews/722765.html,بنك الأردن يدعم جمعية عطاء فلسطين لتوزيع طرود غذائية على عائلات نازحة في قطاع غزة تلفزيون الفجر,17,2026-03
انتخابات محلية بالضفة ولأول مرة منذ 22 عاما بدير البلح في غزة,Israel,2026-04-25 04:30:00,https://www.aljazeera.net/news/2026/4/25/%D8%AF%D9%8A%D8%B1-%D8%A7%D9%84%D8%A8%D9%84%D8%AD-%D9%88%D8%A7%D9%84%D8%B6%D9%81%D8%A9-%D9%85%D9%84%D9%8A%D9%88%D9%86-%D9%81%D9%84%D8%B3%D8%B7%D9%8A%D9%86%D9%8A-%D9%8A%D8%B4%D8%A7%D8%B1%D9%83,انتخابات محلية بالضفة ولأول مرة منذ 22 عاما بدير البلح في غزة,12,2026-04
How Israel  Is Consolidating Its Control  in Gaza and the West Bank as the World Focuses on Iran,Israel,2026-04-03 21:00:00,https://www.haaretz.com/israel-news/podcasts/2026-04-03/ty-article-podcast/israel-is-consolidating-its-control-in-gaza-and-the-west-bank-amid-iran-war/0000019d-491f-d905-a39d-d99f84e10000,how israel is consolidating its control in gaza and the west bank as the world focuses on iran,18,2026-04
Anti - Israel groups plan protest in New York City against Israel death penalty law,Israel,2026-04-07 21:45:00,https://www.jns.org/news/u-s-news/anti-israel-groups-plan-protest-in-new-york-city-against-israels-death-penalty-law,anti israel groups plan protest in new york city against israel death penalty law,14,2026-04
الرئيس محمود عباس يُؤكد أهمية الموقف الدولي حيال القرارات الإسرائيلية في الضفة الغربية,Israel,2026-02-11 19:00:00,https://pnn.ps/news/719874,الرئيس محمود عباس ي ؤكد أهمية الموقف الدولي حيال القرارات الإسرائيلية في الضفة الغربية,14,2026-02
رئيس الوزراء يلتقي مسؤولين دوليين ويحذر من خطورة مشاريع ومخططات الضم والتوسع الاستيطاني - شبكة فلسطين للأنباء,Israel,2026-02-09 22:30:00,https://www.shfanews.net/post/263791,رئيس الوزراء يلتقي مسؤولين دوليين ويحذر من خطورة مشاريع ومخططات الضم والتوسع الاستيطاني شبكة فلسطين للأنباء,16,2026-02
الرئيس يجتمع بالملك عبد الله الثاني ويطلعه على برنامج الإصلاح الشامل الذي تنفذه القيادة الفلسطينية – تلفزيون الفجر,Israel,2026-04-28 16:00:00,https://alfajertv.com/news/palnews/727844.html,الرئيس يجتمع بالملك عبد الله الثاني ويطلعه على برنامج الإصلاح الشامل الذي تنفذه القيادة الفلسطينية تلفزيون الفجر,17,2026-04
نقابة الصحفيين الفلسطينيين : صحفياتنا شاهداتٌ على الحقيقة وشريكاتٌ في صون السردية الفلسطينية - شبكة فلسطين للأنباء,Israel,2026-03-07 23:00:00,https://www.shfanews.net/post/269210,نقابة الصحفيين الفلسطينيين صحفياتنا شاهدات على الحقيقة وشريكات في صون السردية الفلسطينية شبكة فلسطين للأنباء,15,2026-03
السفيرة أبو حصيرة تطالب فرنسا بتحركات عاجلة لمواجهة الانتهاكات الإسرائيلية الخطيرة,Israel,2026-02-12 14:15:00,https://pnn.ps/news/719915,السفيرة أبو حصيرة تطالب فرنسا بتحركات عاجلة لمواجهة الانتهاكات الإسرائيلية الخطيرة,11,2026-02
Little enthusiasm as Palestinians gear up for local polls,Israel,2026-04-16 12:45:00,https://www.al-monitor.com/originals/2026/04/little-enthusiasm-palestinians-gear-local-polls,little enthusiasm as palestinians gear up for local polls,9,2026-04
Palestinian Local Elections Give Some Gazans First Chance to Vote in Years,Israel,2026-04-25 18:30:00,https://www.algemeiner.com/2026/04/25/palestinian-local-elections-give-some-gazans-first-chance-to-vote-in-years/,palestinian local elections give some gazans first chance to vote in years,12,2026-04
"Palestinian man killed , brother critically wounded by illegal Israeli settlers in West Bank",Israel,2026-03-07 20:30:00,https://www.middleeastmonitor.com/20260307-palestinian-man-killed-brother-critically-wounded-by-illegal-israeli-settlers-in-west-bank/,palestinian man killed brother critically wounded by illegal israeli settlers in west bank,13,2026-03
"Palestinian Christians are persecuted by Israel , Marjorie Taylor Greene told in meeting",Israel,2026-02-16 21:15:00,https://www.middleeastmonitor.com/20260216-palestinian-christians-are-persecuted-by-israel-marjorie-taylor-greene-told-in-meeting/,palestinian christians are persecuted by israel marjorie taylor greene told in meeting,12,2026-02
تظاهرة في إسطنبول رفضا لقانون إعدام الأسرى وتنديدا بالعدوان على غزة,Israel,2026-04-10 21:45:00,https://palinfo.com/news/2026/04/10/1105734/,تظاهرة في إسطنبول رفضا لقانون إعدام الأسرى وتنديدا بالعدوان على غزة,11,2026-04
السفيرة رينا فتوح تقدم أوراق اعتمادها سفيرة مفوضة فوق العادة لدولة فلسطين لدى السلفادور - شبكة فلسطين للأنباء,Israel,2026-03-01 13:15:00,https://www.shfanews.net/post/267780,السفيرة رينا فتوح تقدم أوراق اعتمادها سفيرة مفوضة فوق العادة لدولة فلسطين لدى السلفادور شبكة فلسطين للأنباء,17,2026-03
نائب الرئيس حسين الشيخ يبحث مع مدير عام برنامج الأمم المتحدة الإنمائي آفاق تعزيز الشراكة التنموية - شبكة فلسطين للأنباء,Israel,2026-02-15 19:15:00,https://www.shfanews.net/post/265036,نائب الرئيس حسين الشيخ يبحث مع مدير عام برنامج الأمم المتحدة الإنمائي آفاق تعزيز الشراكة التنموية شبكة فلسطين للأنباء,19,2026-02
"Weekly Briefing : Trump and Netanyahu miscalculated , and now theyre going to find out – Mondoweiss",Israel,2026-03-15 16:30:00,https://mondoweiss.net/2026/03/weekly-briefing-trump-and-netanyahu-miscalculated-and-now-theyre-going-to-find-out/,weekly briefing trump and netanyahu miscalculated and now theyre going to find out mondoweiss,14,2026-03
הניצחון על איראן עובר בריבונות,Israel,2026-03-12 09:45:00,https://www.inn.co.il/news/692037,הניצחון על איראן עובר בריבונות,5,2026-03
رئيس الوزراء الإسرائيلي الأسبق إيهود أولمرت : إسرائيل ترتكب جرائم ضد الإنسانية وتطهيرا عرقيا في الضفة الغربية - شبكة فلسطين للأنباء,Israel,2026-04-04 23:30:00,https://www.shfanews.net/post/273965,رئيس الوزراء الإسرائيلي الأسبق إيهود أولمرت إسرائيل ترتكب جرائم ضد الإنسانية وتطهيرا عرقيا في الضفة الغربية شبكة فلسطين للأنباء,19,2026-04
Child among 3 Palestinians injured by illegal Israeli settler assaults in West Bank – Middle East Monitor,Israel,2026-02-21 20:15:00,https://www.middleeastmonitor.com/20260221-child-among-3-palestinians-injured-by-illegal-israeli-settlers-assaults-in-west-bank/,child among 3 palestinians injured by illegal israeli settler assaults in west bank middle east monitor,16,2026-02
الأمم المتحدة : الوضع بغزة والضفة يشهد تدهورًا مطردًا,Israel,2026-04-28 23:45:00,https://www.alwatanvoice.com/arabic/news/2026/04/29/1553065.html,الأمم المتحدة الوضع بغزة والضفة يشهد تدهور ا مطرد ا,10,2026-04
  الحروب المتدحرجة  وملحق  الدولة والطائفية - الحياة الجديدة,Israel,2026-04-03 21:00:00,https://www.alhaya.ps/ar/Article/175085/%D8%A7%D9%84%D8%AD%D8%B1%D9%88%D8%A8-%D8%A7%D9%84%D9%85%D8%AA%D8%AF%D8%AD%D8%B1%D8%AC%D8%A9-%D9%88%D9%85%D9%84%D8%AD%D9%82-%D8%A7%D9%84%D8%AF%D9%88%D9%84%D8%A9-%D9%88%D8%A7%D9%84%D8%B7%D8%A7%D8%A6%D9%81%D9%8A%D8%A9,الحروب المتدحرجة وملحق الدولة والطائفية الحياة الجديدة,7,2026-04
UK condemns Israel West Bank control grab as US reiterates annexation opposition,Israel,2026-02-10 10:45:00,https://www.middleeasteye.net/news/uk-us-oppose-israeli-annexation-occupied-west-bank-amid-growing-outcry,uk condemns israel west bank control grab as us reiterates annexation opposition,12,2026-02
رياض منصوريجتمع مع وزير خارجية باكستان في نيويورك - شبكة فلسطين للأنباء,Israel,2026-02-19 01:30:00,https://www.shfanews.net/post/265584,رياض منصوريجتمع مع وزير خارجية باكستان في نيويورك شبكة فلسطين للأنباء,11,2026-02
الرئيس يستقبل السفراء العرب المقيمين والمعتمدين لدى دولة فلسطين,Israel,2026-03-05 23:30:00,https://www.raya.ps/news/1213153.html,الرئيس يستقبل السفراء العرب المقيمين والمعتمدين لدى دولة فلسطين,9,2026-03
الرئاسة تحذر من خطورة قرار حكومة الاحتلال بتحويل أراضي الضفة إلى ما يسمى  أملاك دولة  ,Israel,2026-02-15 14:30:00,https://shasha.ps/home/%D8%A7%D9%84%D8%B1%D8%A6%D8%A7%D8%B3%D8%A9-%D8%AA%D8%AD%D8%B0%D8%B1-%D9%85%D9%86-%D8%AE%D8%B7%D9%88%D8%B1%D8%A9-%D9%82%D8%B1%D8%A7%D8%B1-%D8%AD%D9%83%D9%88%D9%85%D8%A9,الرئاسة تحذر من خطورة قرار حكومة الاحتلال بتحويل أراضي الضفة إلى ما يسمى أملاك دولة,15,2026-02
قيود الاحتلال تُطفئ بهجة عيد الفصح في بلدة  الزبابدة  الفلسطينية,Israel,2026-04-12 10:00:00,https://www.aljazeera.net/politics/2026/4/12/%D9%81%D8%B5%D8%AD-%D9%85%D8%B3%D9%8A%D8%AD%D9%8A-%D8%B2%D8%A8%D8%A7%D8%A8%D8%AF%D8%A9-%D8%A7%D9%84%D8%B6%D9%81%D8%A9-%D8%AC%D9%86%D9%8A%D9%86-%D8%B9%D9%8A%D8%AF,قيود الاحتلال ت طفئ بهجة عيد الفصح في بلدة الزبابدة الفلسطينية,11,2026-04
  فتح  و  الديمقراطية  تؤكدان استمرار الحوار والتنسيق مع مختلف القوى الفلسطينية للوصول لرؤية وطنية موحدة في إطار منظمة التحرير – تلفزيون الفجر,Israel,2026-02-18 21:15:00,https://alfajertv.com/news/palnews/720277.html,فتح و الديمقراطية تؤكدان استمرار الحوار والتنسيق مع مختلف القوى الفلسطينية للوصول لرؤية وطنية موحدة في إطار منظمة التحرير تلفزيون الفجر,21,2026-02
شؤون المرأة : حقوق الطفولة مسلوبة وأعباء الأمومة معقدة ومضاعفة,Israel,2026-04-05 16:45:00,https://www.raya.ps/news/1215147.html,شؤون المرأة حقوق الطفولة مسلوبة وأعباء الأمومة معقدة ومضاعفة,9,2026-04
The  ultra - apartheid  convergence : Regional escalation and the engineered asphyxiation of Palestine – Middle East Monitor,Israel,2026-04-06 14:30:00,https://www.middleeastmonitor.com/20260406-the-ultra-apartheid-convergence-regional-escalation-and-the-engineered-asphyxiation-of-palestine/,the ultra apartheid convergence regional escalation and the engineered asphyxiation of palestine middle east monitor,15,2026-04
"Care packages , brought to Palestinians by colonialism",Israel,2026-03-05 21:15:00,https://www.middleeastmonitor.com/20260305-care-packages-brought-to-palestinians-by-colonialism/,care packages brought to palestinians by colonialism,7,2026-03
بقيمة تجاوزت 27 مليون دولار .. اليابان تدعم برنامج التعافي الطارئ في فلسطين – تلفزيون الفجر,Israel,2026-02-16 13:45:00,https://alfajertv.com/news/palnews/720027.html,بقيمة تجاوزت 27 مليون دولار اليابان تدعم برنامج التعافي الطارئ في فلسطين تلفزيون الفجر,14,2026-02
الحية يدعو باكستان لدعم صمود فلسطين ويحذر من مخاطر تقسم الأقصى,Israel,2026-03-08 10:45:00,https://palinfo.com/news/2026/03/08/1102594/,الحية يدعو باكستان لدعم صمود فلسطين ويحذر من مخاطر تقسم الأقصى,11,2026-03
Weekly Briefing : Israel impunity is crumbling – Mondoweiss,Israel,2026-04-19 23:15:00,https://mondoweiss.net/2026/04/weekly-briefing-israels-impunity-is-crumbling/,weekly briefing israel impunity is crumbling mondoweiss,7,2026-04
الأردن دعمٌ لفلسطين .. حتى لا تُنسى,Israel,2026-03-04 23:00:00,https://www.addustour.com/articles/1552420-%D8%A7%D9%84%D8%A3%D8%B1%D8%AF%D9%86-%D8%AF%D8%B9%D9%85%D9%8C-%D9%84%D9%81%D9%84%D8%B3%D8%B7%D9%8A%D9%86-%D8%AD%D8%AA%D9%89-%D9%84%D8%A7-%D8%AA%D9%8F%D9%86%D8%B3%D9%89,الأردن دعم لفلسطين حتى لا ت نسى,7,2026-03
Health Minister discusses strengthening cooperation with WHO representative,Israel,2026-03-10 00:00:00,https://english.wafa.ps/Pages/Details/168155,health minister discusses strengthening cooperation with who representative,8,2026-03
Israeli minister says next government must  encourage  Palestinian migration from West Bank,Israel,2026-02-18 15:45:00,https://www.middleeasteye.net/news/far-right-minister-says-israel-should-encourage-palestinian-migration-occupied-west-bank,israeli minister says next government must encourage palestinian migration from west bank,12,2026-02
"Jerash Refugee Camp ( Gaza Camp ), Jordan",Israel,2026-02-06 07:45:00,https://www.palestine-studies.org/en/node/1658480,jerash refugee camp gaza camp jordan,6,2026-02
  الإحصاء : الرقم القياسي العام لأسعار المستهلك يسجل ارتفاعاً نسبته 5 . 27 بالمئة خلال آذار الماضي,Israel,2026-04-14 09:30:00,https://pnn.ps/news/721740,الإحصاء الرقم القياسي العام لأسعار المستهلك يسجل ارتفاعا نسبته 5 27 بالمئة خلال آذار الماضي,15,2026-04
19 دولة ترفض  الضم الفعلي  للضفة وتحذر من تقويض حل الدولتين,Israel,2026-02-24 06:45:00,http://zamnpress.com/news/140502,19 دولة ترفض الضم الفعلي للضفة وتحذر من تقويض حل الدولتين,11,2026-02
رئيس الوزراء : هدفنا الاستقرار الاقتصادي وصولا إلى الاستقلال - شبكة فلسطين للأنباء,Israel,2026-04-20 23:15:00,https://www.shfanews.net/post/276944,رئيس الوزراء هدفنا الاستقرار الاقتصادي وصولا إلى الاستقلال شبكة فلسطين للأنباء,11,2026-04
"Call It What It Is : Judea , Samaria , and Gaza - not  the West Bank  ",Israel,2026-02-08 18:00:00,https://www.israelnationalnews.com/news/422120,call it what it is judea samaria and gaza not the west bank,13,2026-02
Strengthens Trump and Bibi  | Thomas Friedman Iran dilemma,United States,2026-04-12 15:15:00,https://freerepublic.com/focus/f-news/4374596/posts,strengthens trump and bibi thomas friedman iran dilemma,8,2026-04
UN chief warns of Israeli - made humanitarian crisis in Gaza amid war on Iran,United States,2026-03-03 16:45:00,https://www.aljazeera.com/news/2026/3/3/un-chief-warns-of-israeli-made-humanitarian-crisis-in-gaza-amid-war-on-iran,un chief warns of israeli made humanitarian crisis in gaza amid war on iran,14,2026-03
UNSC moves Gaza meeting to avoid clash with Trump Board of Peace | Donald Trump News,United States,2026-02-18 22:15:00,https://www.aljazeera.com/news/2026/2/18/unsc-moves-gaza-meeting-to-avoid-clash-with-trumps-board-of-peace,unsc moves gaza meeting to avoid clash with trump board of peace donald trump news,15,2026-02
مستوطنون إسرائيليون يُضرمون النار بمسجد  أبو بكر الصديق  في الضفة الغربية ويخطّون شعارات عنصرية,United States,2026-02-23 18:45:00,https://arabic.euronews.com/2026/02/23/israeli-settlers-west-bank-mosque-ramadan-tell-nablus-violence,مستوطنون إسرائيليون ي ضرمون النار بمسجد أبو بكر الصديق في الضفة الغربية ويخط ون شعارات عنصرية,16,2026-02
Local elections in the West Bank and part of Gaza could test public trust,United States,2026-04-25 11:30:00,https://www.clickondetroit.com/news/world/2026/04/25/local-elections-in-the-west-bank-and-part-of-gaza-could-test-public-trust/,local elections in the west bank and part of gaza could test public trust,14,2026-04
Modi government has betrayed traditional Indian principles by its,United States,2026-04-23 22:15:00,http://www.bignewsnetwork.com/news/279007776/modi-government-has-betrayed-traditional-indian-principles-by-its-silence-on-gaza-war-impact-jairam-ramesh,modi government has betrayed traditional indian principles by its,9,2026-04
Palestinians vote in local elections | The Arkansas Democrat - Gazette,United States,2026-04-26 12:15:00,http://www.arkansasonline.com/news/2026/apr/26/palestinians-vote-in-local-elections/,palestinians vote in local elections the arkansas democrat gazette,9,2026-04
İsrailli yerleşimciler Filistin asıllı bir ABD vatandaşını öldürdü,United States,2026-02-19 22:45:00,https://tr.euronews.com/2026/02/19/israilli-yerlesimciler-filistin-asilli-bir-abd-vatandasini-oldurdu,i srailli yerleşimciler filistin asıllı bir abd vatandaşını öldürdü,9,2026-02
Gaza holds first elections in 20 years amid stalled ceasefire,United States,2026-04-25 19:45:00,https://us.cnn.com/2026/04/25/middleeast/gaza-palestinian-elections-deir-al-balah-intl,gaza holds first elections in 20 years amid stalled ceasefire,10,2026-04
"Iran war shifts Middle East dynamics , leaving Palestinian issues sidelined",United States,2026-03-12 17:00:00,https://www.yahoo.com/news/articles/iran-war-shifts-middle-east-223414256.html,iran war shifts middle east dynamics leaving palestinian issues sidelined,10,2026-03
Diversity Wars : Pro - Palestine Watermelon Mural Triggers Black Community In Richmond,United States,2026-03-10 14:45:00,https://www.zerohedge.com/political/diversity-wars-pro-palestine-watermelon-mural-triggers-black-community-richmond,diversity wars pro palestine watermelon mural triggers black community in richmond,11,2026-03
Palestinian officials hail local elections in a Gaza community and the West Bank,United States,2026-04-27 10:00:00,https://www.kpbs.org/news/international/2026/04/26/palestinian-officials-hail-local-elections-in-a-gaza-community-and-the-west-bank,palestinian officials hail local elections in a gaza community and the west bank,13,2026-04
J . D . Vance Responds To Heckler Who Yelled  Youre Killing Children  From Gaza,United States,2026-04-15 01:00:00,https://www.tmz.com/2026/04/14/jd-vance-responds-to-heckler-gaza-comments/,j d vance responds to heckler who yelled youre killing children from gaza,13,2026-04
مباشر - مقتل ستة فلسطينيين في غارات إسرائيلية على غزة وتحركات عربية وإسلامية رفضًا لقرارات ضم الضفة,United States,2026-02-11 08:45:00,https://arabic.euronews.com/2026/02/11/six-palestinians-killed-in-israeli-airstrikes-on-gaza-arab-and-islamic-movements-reject-a,مباشر مقتل ستة فلسطينيين في غارات إسرائيلية على غزة وتحركات عربية وإسلامية رفض ا لقرارات ضم الضفة,17,2026-02
New vote in parts of Gaza a success | Northwest Arkansas Democrat - Gazette,United States,2026-04-27 14:00:00,https://www.nwaonline.com/news/2026/apr/27/new-vote-in-parts-of-gaza-a-success/,new vote in parts of gaza a success northwest arkansas democrat gazette,12,2026-04
"Israeli forces kill three Palestinians in Gaza , arrest dozens in West Bank",United States,2026-04-13 16:15:00,https://www.aljazeera.com/news/2026/4/13/israeli-forces-kill-three-palestinians-in-gaza-arrest-dozens-in-west-bank,israeli forces kill three palestinians in gaza arrest dozens in west bank,12,2026-04
Palestinians vote in West Bank and central Gaza municipal elections,United States,2026-04-25 18:00:00,https://www.euronews.com/2026/04/25/palestinians-vote-in-west-bank-and-central-gaza-municipal-elections-the-first-since-war-st,palestinians vote in west bank and central gaza municipal elections,10,2026-04
"What is Greater Israel , and how popular is it among Israelis ? ",United States,2026-02-26 15:30:00,https://www.aljazeera.com/news/2026/2/26/what-is-greater-israel-and-how-popular-is-it-among-israelis,what is greater israel and how popular is it among israelis,11,2026-02
Palestinian officials hail local elections in a Gaza community and the West Bank,United States,2026-04-27 06:00:00,https://www.npr.org/2026/04/27/g-s1-118847/local-elections-in-gaza-and-the-west-bank,palestinian officials hail local elections in a gaza community and the west bank,13,2026-04
İsrailin  idam yasası  Batı Şeriada protesto ediliyor,United States,2026-04-01 19:45:00,https://tr.euronews.com/2026/04/01/israilin-idam-yasasi-bati-seriada-protesto-ediliyor,i srailin idam yasası batı şeriada protesto ediliyor,8,2026-04
Watch : Europe relationship with Israel is fracturing how far will it go ? ,United States,2026-04-21 13:45:00,https://www.euronews.com/my-europe/2026/04/21/watch-europes-relationship-with-israel-is-fracturing-how-far-will-it-go,watch europe relationship with israel is fracturing how far will it go,12,2026-04
World News : Israeli attack claims three lives in Gaza as regional offensives escalate,United States,2026-03-14 00:45:00,https://www.gdnonline.com:443/Details/1378544,world news israeli attack claims three lives in gaza as regional offensives escalate,13,2026-03
Local elections in the West Bank and part of Gaza could test public trust,United States,2026-04-25 12:45:00,https://www.ksat.com/news/world/2026/04/25/local-elections-in-the-west-bank-and-part-of-gaza-could-test-public-trust/,local elections in the west bank and part of gaza could test public trust,14,2026-04
"AB bakanları ,  savaş suçu  gerekçesiyle İsrail ile ticaretin durdurulmasına karşı çıktı",United States,2026-04-21 19:30:00,https://tr.euronews.com/my-europe/2026/04/21/ab-bakanlari-savas-sucu-gerekcesiyle-israil-ile-ticaretin-durdurulmasina-karsi-cikti,ab bakanları savaş suçu gerekçesiyle i srail ile ticaretin durdurulmasına karşı çıktı,12,2026-04
Top Palestinian Children Rights Group Shutters After Being Targeted By Israel,United States,2026-04-07 20:15:00,https://truthout.org/articles/top-palestinian-childrens-rights-group-shutters-after-being-targeted-by-israel/,top palestinian children rights group shutters after being targeted by israel,11,2026-04
Local elections in the West Bank and part of Gaza could test public trust,United States,2026-04-25 06:45:00,https://www.seattletimes.com/nation-world/local-elections-in-the-west-bank-and-part-of-gaza-could-test-public-trust/,local elections in the west bank and part of gaza could test public trust,14,2026-04
Dismayed by USM cancellation of Palestine conference,United States,2026-03-07 22:15:00,https://www.pressherald.com/2026/03/07/dismayed-by-usm-cancellation-of-palestine-conference-letter/,dismayed by usm cancellation of palestine conference,7,2026-03
Palestinian authorities call local elections in a Gaza community and the West Bank a success,United States,2026-04-26 21:15:00,https://www.clickorlando.com/news/world/2026/04/26/palestinian-authorities-call-local-elections-in-a-gaza-community-and-the-west-bank-a-success/,palestinian authorities call local elections in a gaza community and the west bank a success,15,2026-04
Encyclopedia Britannica revises after Israel erasure,United States,2026-02-02 23:00:00,https://www.christianpost.com/news/encyclopedia-britannica-revises-after-israel-erasure.html,encyclopedia britannica revises after israel erasure,6,2026-02
What It Took for Film Director Cherien Dabis to  Find Palestine Everywhere But Palestine  ,United States,2026-03-06 09:30:00,https://www.cntraveler.com/story/what-it-took-for-film-director-cherien-dabis-to-find-palestine-everywhere-but-palestine,what it took for film director cherien dabis to find palestine everywhere but palestine,14,2026-03
"Resistance Is History , Resistance Is Life - Antiwar . com Blog",United States,2026-04-13 23:30:00,https://www.antiwar.com/blog/2026/04/13/resistance-is-history-resistance-is-life/,resistance is history resistance is life antiwar com blog,9,2026-04
"UN says Israeli actions raise  ethnic cleansing  fears in West Bank , Gaza",United States,2026-02-19 13:30:00,https://www.digitaljournal.com/world/un-says-israeli-actions-raise-ethnic-cleansing-fears-in-west-bank-gaza/article,un says israeli actions raise ethnic cleansing fears in west bank gaza,12,2026-02
World News : Gazans vote for first time in two decades,United States,2026-04-26 00:00:00,https://www.gdnonline.com:443/Details/1392728,world news gazans vote for first time in two decades,10,2026-04
"What is Greater Israel , and how popular is it among Israelis ? ",United States,2026-02-26 15:45:00,https://www.yahoo.com/news/articles/greater-israel-popular-among-israelis-145620822.html,what is greater israel and how popular is it among israelis,11,2026-02
Gaza holds first elections in 20 years amid stalled ceasefire process – but only in one city,United States,2026-04-25 18:00:00,https://www.cnn.com/2026/04/25/middleeast/gaza-palestinian-elections-deir-al-balah-intl,gaza holds first elections in 20 years amid stalled ceasefire process but only in one city,16,2026-04
Gaza holds first elections in 20 years amid stalled ceasefire,United States,2026-04-25 18:15:00,https://edition.cnn.com/2026/04/25/middleeast/gaza-palestinian-elections-deir-al-balah-intl,gaza holds first elections in 20 years amid stalled ceasefire,10,2026-04
Who Will Govern Gaza ? | Council on Foreign Relations,United States,2026-03-13 21:45:00,https://www.cfr.org/articles/who-will-govern-gaza,who will govern gaza council on foreign relations,8,2026-03
"SDG 6 in Palestine : Water , Sanitation and Life Under Blockade",United States,2026-04-06 11:00:00,https://borgenproject.org/sdg-6-in-palestine/,sdg 6 in palestine water sanitation and life under blockade,10,2026-04
World News : 16 killed in Gaza and West Bank,United States,2026-03-16 00:45:00,https://www.gdnonline.com:443/Details/1378698,world news 16 killed in gaza and west bank,9,2026-03
"Biblical Bloodlust : Huckabee , Cyrus , and the Zionist Greater Israel Fantasy Fueling the Iran War",United States,2026-03-06 09:45:00,https://www.counterpunch.org/2026/03/06/biblical-bloodlust-huckabee-cyrus-and-the-zionist-greater-israel-fantasy-fueling-the-iran-war/,biblical bloodlust huckabee cyrus and the zionist greater israel fantasy fueling the iran war,14,2026-03
New vote in parts of Gaza a success | The Arkansas Democrat - Gazette - Arkansa Best News Source,United States,2026-04-27 11:00:00,http://www.arkansasonline.com/news/2026/apr/27/new-vote-in-parts-of-gaza-a-success/,new vote in parts of gaza a success the arkansas democrat gazette arkansa best news source,16,2026-04
Palestinian leader and Pope talk of  alarming developments  ,United States,2026-03-16 17:30:00,https://aleteia.org/2026/03/16/palestinian-leader-calls-pope-leo-talk-of-alarming-developments/,palestinian leader and pope talk of alarming developments,8,2026-03
ICE arrests the head of Wisconsin largest Islamic group,United States,2026-04-03 04:15:00,https://www.seattletimes.com/nation-world/nation/ice-arrests-the-head-of-wisconsins-largest-islamic-group/,ice arrests the head of wisconsin largest islamic group,9,2026-04
Why is the EU under pressure to suspend its trade agreement with Israel ? ,United States,2026-04-21 16:45:00,https://www.aljazeera.com/news/2026/4/21/why-is-the-eu-under-pressure-to-suspend-its-trade-agreement-with-israel,why is the eu under pressure to suspend its trade agreement with israel,13,2026-04
Local elections in the West Bank and part of Gaza could test public trust,United States,2026-04-25 09:30:00,https://www.news4jax.com/news/world/2026/04/25/local-elections-in-the-west-bank-and-part-of-gaza-could-test-public-trust/,local elections in the west bank and part of gaza could test public trust,14,2026-04
"Israeli settlers kill Palestinian during raid on occupied West Bank village - Dominican Republic Post – Caribbean News , Business , Travel & Culture",United States,2026-04-11 20:30:00,https://dominicanrepublicpost.com/israeli-settlers-kill-palestinian-during-raid-on-occupied-west-bank-village/,israeli settlers kill palestinian during raid on occupied west bank village dominican republic post caribbean news business travel culture,19,2026-04
Halálbüntetés : sztrájkolnak a palesztinok Ciszjordániában az új izraeli törvény miatt,United States,2026-04-01 23:30:00,https://hu.euronews.com/2026/04/01/halalbuntetes-sztrajkolnak-a-palesztinok-ciszjordaniaban-az-uj-izraeli-torveny-miatt,halálbüntetés sztrájkolnak a palesztinok ciszjordániában az új izraeli törvény miatt,10,2026-04
AB - BM raporu : Gazzenin toparlanması ve yeniden inşası için 71 milyar dolardan fazlasına ihtiyaç var,United States,2026-04-21 19:30:00,https://tr.euronews.com/2026/04/21/ab-bm-raporu-gazzenin-toparlanmasi-ve-yeniden-insasi-icin-71-milyar-dolardan-fazlasina-iht,ab bm raporu gazzenin toparlanması ve yeniden inşası için 71 milyar dolardan fazlasına ihtiyaç var,15,2026-04
Palestinians vote in local elections in West Bank and part of Gaza | Chattanooga Times Free Press,United States,2026-04-26 06:15:00,http://www.timesfreepress.com/news/2026/apr/26/palestinians-vote-in-local-elections-in-west-bank-and-part-of-gaza-tfp/,palestinians vote in local elections in west bank and part of gaza chattanooga times free press,16,2026-04
مباشر - تصعيد إسرائيلي مستمر في قطاع غزة .. وترقب لاجتماع مجلس السلام الخميس المقبل,United States,2026-02-16 08:45:00,https://arabic.euronews.com/2026/02/16/israeli-escalation-continues-in-the-gaza-strip-and-anticipation-surrounds-the-peace-cou,مباشر تصعيد إسرائيلي مستمر في قطاع غزة وترقب لاجتماع مجلس السلام الخميس المقبل,13,2026-02
UNRWA Chief : Education Access Under Attack in Palestine,United States,2026-03-03 10:45:00,https://www.miragenews.com/unrwa-chief-education-access-under-attack-in-1629854/,unrwa chief education access under attack in palestine,8,2026-03
Olmert : İsrailin Batı Şeria politikası  etnik temizliğe yakın  ,United States,2026-02-10 01:30:00,https://tr.euronews.com/my-europe/2026/02/09/olmert-israilin-bati-seria-politikasi-etnik-temizlige-yakin,olmert i srailin batı şeria politikası etnik temizliğe yakın,9,2026-02
Local elections in the West Bank and part of Gaza could test public trust,United States,2026-04-25 09:00:00,https://abcnews.com/International/wireStory/local-elections-west-bank-part-gaza-test-public-132371182,local elections in the west bank and part of gaza could test public trust,14,2026-04
Palestinians cast ballots in first elections since Gaza war,United States,2026-04-25 11:15:00,https://www.channelnewsasia.com/world/palestine-gaza-first-elections-ballot-war-6080706,palestinians cast ballots in first elections since gaza war,9,2026-04
"Shakespeare Club hears history on State of Palestine | News , Sports , Jobs",United States,2026-04-01 09:45:00,https://www.observertoday.com/news/local-region/2026/04/shakespeare-club-hears-history-on-state-of-palestine/,shakespeare club hears history on state of palestine news sports jobs,11,2026-04
Local elections in the West Bank and part of Gaza could test public trust,United States,2026-04-25 10:00:00,https://www.wsls.com/news/world/2026/04/25/local-elections-in-the-west-bank-and-part-of-gaza-could-test-public-trust/,local elections in the west bank and part of gaza could test public trust,14,2026-04
Intersectional conundrum : Palestinian watermelon mural upsets black community,United States,2026-03-07 08:15:00,https://www.thecollegefix.com/intersectional-conundrum-palestinian-watermelon-mural-upsets-black-community/,intersectional conundrum palestinian watermelon mural upsets black community,8,2026-03
West Bank and Gaza local elections seen as a step toward presidential vote,United States,2026-04-27 03:30:00,https://www.wsbradio.com/news/world/palestinian/3WZNDV6DNY4PXNEDAPMNNALWHA/,west bank and gaza local elections seen as a step toward presidential vote,13,2026-04
Izraeli támadásokban meghalt sok palesztin a Gázai övezetben és Ciszjordániában,United States,2026-03-16 11:00:00,https://ujszo.com/kulfold/izraeli-tamadasokban-meghalt-sok-palesztin-a-gazai-ovezetben-es-ciszjordaniaban,izraeli támadásokban meghalt sok palesztin a gázai övezetben és ciszjordániában,10,2026-03
"Israel kills father , daughter in Gaza as genocide continues amid wider war",United States,2026-03-07 15:45:00,https://www.aljazeera.com/news/2026/3/7/israel-kills-father-daughter-in-gaza-as-genocide-continues-amid-wider-war,israel kills father daughter in gaza as genocide continues amid wider war,12,2026-03
Brian Eno and 200+ Artists Urge British Museum to  Stop Erasing Palestine  ,United States,2026-03-13 00:15:00,https://hyperallergic.com/brian-eno-and-200-artists-urge-british-museum-to-stop-erasing-palestine/,brian eno and 200 artists urge british museum to stop erasing palestine,12,2026-03
Palestinian officials hail local elections in a Gaza community and the West Bank,United States,2026-04-27 12:45:00,https://www.ideastream.org/2026-04-27/palestinian-officials-hail-local-elections-in-a-gaza-community-and-the-west-bank,palestinian officials hail local elections in a gaza community and the west bank,13,2026-04
Israeli settlers kill Palestinian during raid on occupied West Bank village - Grenada Chronicle – Daily Grenada And Caribbean News,United States,2026-04-11 22:00:00,https://grenadachronicle.com/israeli-settlers-kill-palestinian-during-raid-on-occupied-west-bank-village/,israeli settlers kill palestinian during raid on occupied west bank village grenada chronicle daily grenada and caribbean news,18,2026-04
World News : Israeli attack claims three lives in Gaza as regional offensives escalate,United States,2026-03-14 03:00:00,https://www.gdnonline.com:443/Details/1378544/Israeli-attack-claims-three-lives-in-Gaza-as-regional-offensives-escalate,world news israeli attack claims three lives in gaza as regional offensives escalate,13,2026-03
Israel is an Apartheid State  From the River to the Sea  ,United States,2026-04-29 20:15:00,https://www.dailykos.com/stories/2026/4/29/800030152/community/israel-is-an-apartheid-state-from-the-river-to-the-sea/,israel is an apartheid state from the river to the sea,11,2026-04
Dismayed by USM cancellation of Palestine conference,United States,2026-03-07 21:45:00,https://www.centralmaine.com/2026/03/07/dismayed-by-usm-cancellation-of-palestine-conference-letter/,dismayed by usm cancellation of palestine conference,7,2026-03
Palestinian authorities call local elections in a Gaza community and the West Bank a success,United States,2026-04-26 23:15:00,https://www.news4jax.com/news/world/2026/04/26/palestinian-authorities-call-local-elections-in-a-gaza-community-and-the-west-bank-a-success/,palestinian authorities call local elections in a gaza community and the west bank a success,15,2026-04
